{"temperature": 62.019995096560585, "flowrate": 1.6857186186336885}