{"temperature": 35.06014660368242, "flowrate": 4.906458331326551}