{"temperature": 40.854586100643075, "flowrate": 2.8717513043034972}